<?xml version="1.0" encoding="UTF-8"?>
<entitymodel xmlns:xsi="http://www.w3.org/2001/XMLSchema-instance"
    xsi:noNamespaceSchemaLocation="http://ofbiz.apache.org/dtds/entitymodel.xsd">
    <!-- ========================================================= -->
    <!-- ======================== Defaults ======================= -->
    <!-- ========================================================= -->
    <title>Entity of OfbizifyExample Component</title>
    <description>None</description>
    <copyright></copyright>
    <version></version>

    <entity entity-name="OfbizifyExampleUsers" 
            package-name="org.ofbiz" 
            title="OfbizifyExample Users">
        
        <field name="userId" type="id-ne"></field>

        <field name="firstName" type="short-varchar"></field>
        <field name="lastName" type="short-varchar"></field>
		<field name="address" type="long-varchar"></field>

        <prim-key field="userId"/>

    </entity>

</entitymodel>