<?xml version="1.0" encoding="UTF-8"?>
<site-conf xmlns:xsi="http://www.w3.org/2001/XMLSchema-instance"
        xsi:noNamespaceSchemaLocation="http://ofbiz.apache.org/dtds/site-conf.xsd">
    <!-- The controller elements that are common to all OFBiz components
         can be found in the following xml file. A component can override the
         elements found in the common-controller.xml file. -->
    <include location="component://common/webcommon/WEB-INF/common-controller.xml"/>

	<include location="component://ofbizify/webapp/ofbizify/WEB-INF/controller.xml"/>

    <description>OfbizifyExample Component Site Configuration File</description>

    <!-- Events to run on every request before security (chains exempt) -->
    <!--
    <preprocessor>
    </preprocessor>
    -->
    <!-- Events to run on every request after all other processing (chains exempt) -->
    <!--
    <postprocessor>
        <event name="test" type="java" path="org.ofbiz.webapp.event.TestEvent" invoke="test"/>
    </postprocessor>
    -->

    <!-- Request Mappings -->
    <request-map uri="main"><security https="true" auth="true"/><response name="success" type="view" value="main"/></request-map>
    
    <request-map uri="groovyGetUserDetails">
		<event type="gwtgroovy" path="component://ofbizifyexample/webapp/ofbizifyexample/WEB-INF/actions/" invoke="GetUserDetails.groovy"/>
    	<response name="success" type="none"/>
    	<response name="error" type="none"/>
	</request-map>

	<request-map uri="groovyCreateUserDetails">
		<event type="gwtgroovy" path="component://ofbizifyexample/webapp/ofbizifyexample/WEB-INF/actions/" invoke="CreateUserDetails.groovy"/>
    	<response name="success" type="none"/>
    	<response name="error" type="none"/>
	</request-map>
	
	<request-map uri="javaGetUserDetails">
		<event type="gwtjava" path="com.legeriti.ofbizify.example.event.UserDetailEvent" invoke="getUserDetails"/>
    	<response name="success" type="none"/>
    	<response name="error" type="none"/>
	</request-map>

	<request-map uri="javaCreateUserDetails">
		<event type="gwtjava" path="com.legeriti.ofbizify.example.event.UserDetailEvent" invoke="createUserDetails"/>
    	<response name="success" type="none"/>
    	<response name="error" type="none"/>
	</request-map>
	
	<request-map uri="serviceGetUserDetails">
		<!-- security https="false" auth="false"/ -->
		<event type="gwtservice" invoke="serviceGetUserDetails"/>
    	<response name="success" type="none"/>
    	<response name="error" type="none"/>
	</request-map>

	<request-map uri="serviceCreateUserDetails">
		<!-- security https="false" auth="false"/ -->
		<event type="gwtservice" invoke="serviceCreateUserDetails"/>
    	<response name="success" type="none"/>
    	<response name="error" type="none"/>
	</request-map>

    <!-- View Mappings -->
    <view-map name="main" type="screen" page="component://ofbizifyexample/widget/OfbizifyExampleScreens.xml#main"/>
</site-conf>