<?xml version="1.0" encoding="UTF-8"?>
<site-conf xmlns:xsi="http://www.w3.org/2001/XMLSchema-instance"
        xsi:noNamespaceSchemaLocation="http://ofbiz.apache.org/dtds/site-conf.xsd">
    <!-- The controller elements that are common to all OFBiz components
         can be found in the following xml file. A component can override the
         elements found in the common-controller.xml file. -->
    <include location="component://common/webcommon/WEB-INF/common-controller.xml"/>

	<include location="component://ofbizify/webapp/ofbizify/WEB-INF/controller.xml"/>

    <description>ofbizifyexample Component Site Configuration File</description>

    <!-- Events to run on every request before security (chains exempt) -->
    <!--
    <preprocessor>
    </preprocessor>
    -->
    <!-- Events to run on every request after all other processing (chains exempt) -->
    <!--
    <postprocessor>
        <event name="test" type="java" path="org.ofbiz.webapp.event.TestEvent" invoke="test"/>
    </postprocessor>
    -->

    <!-- Request Mappings -->
    <request-map uri="countries">
        <event type="gwtgroovy" path="component://ofbizifyexample/webapp/ofbizifyexample/WEB-INF/actions/" invoke="Countries.groovy"/>
        <response name="success" type="none"/>
        <response name="error" type="none"/>
    </request-map>

    <request-map uri="states">
        <event type="gwtgroovy" path="component://ofbizifyexample/webapp/ofbizifyexample/WEB-INF/actions/" invoke="States.groovy"/>
        <response name="success" type="none"/>
        <response name="error" type="none"/>
    </request-map>
    
    <request-map uri="getContactDetails">
        <event type="gwtgroovy" path="component://ofbizifyexample/webapp/ofbizifyexample/WEB-INF/actions/" invoke="GetContactDetails.groovy"/>
        <response name="success" type="none"/>
        <response name="error" type="none"/>
    </request-map>
    
    <request-map uri="saveContactDetails">
        <event type="gwtgroovy" path="component://ofbizifyexample/webapp/ofbizifyexample/WEB-INF/actions/" invoke="SaveContactDetails.groovy"/>
        <response name="success" type="none"/>
        <response name="error" type="none"/>
    </request-map>
    
    <request-map uri="main"><security https="true" auth="true"/><response name="success" type="view" value="main"/></request-map>
    
    <!-- View Mappings -->
    <view-map name="main" type="screen" page="component://ofbizifyexample/widget/ofbizifyexampleScreens.xml#main"/>
</site-conf>