<?xml version="1.0" encoding="UTF-8"?>
<services xmlns:xsi="http://www.w3.org/2001/XMLSchema-instance"
        xsi:noNamespaceSchemaLocation="http://ofbiz.apache.org/dtds/services.xsd">
    <description>OfbizifyExample Services</description>
    <vendor></vendor>
    <version>1.0</version>

    <service name="serviceCreateUserDetails" engine="java" auth="false"
            location="com.legeriti.ofbizify.example.event.UserDetailServices" invoke="createUserDetails">
        <attribute mode="IN" name="firstName" optional="false" type="String"/>
        <attribute mode="IN" name="lastName" optional="false" type="String"/>
        <attribute mode="IN" name="address" optional="false" type="String"/>

        <attribute mode="OUT" name="result" optional="false" type="java.util.Map"/>

    </service>

	<service name="serviceGetUserDetails" engine="java" auth="false"
            location="com.legeriti.ofbizify.example.event.UserDetailServices" invoke="getUserDetails">
        <attribute mode="OUT" name="result" optional="false" type="java.util.Map"/>
    </service>
    
</services>