<?xml version="1.0" encoding="UTF-8"?>
<resource xmlns:xsi="http://www.w3.org/2001/XMLSchema-instance">
    <property key="ofbizifyexampleApplication">
        <value xml:lang="en">ofbizifyexample Application</value>
        <value xml:lang="zh">ofbizifyexample应用程序</value>
    </property>
    <property key="ofbizifyexampleCompanyName">
        <value xml:lang="en">OFBiz: ofbizifyexample</value>
    </property>
    <property key="ofbizifyexampleCompanySubtitle">
        <value xml:lang="en">Part of the Open For Business Family of Open Source Software</value>
        <value xml:lang="zh">开源软件OFBiz的组成部分</value>
    </property>
    <property key="ofbizifyexampleViewPermissionError">
        <value xml:lang="en">You are not allowed to view this page.</value>
        <value xml:lang="zh">不允许你浏览这个页面。</value>
    </property>
</resource>