<?xml version="1.0" encoding="UTF-8"?>
<resource xmlns:xsi="http://www.w3.org/2001/XMLSchema-instance">
    <property key="OfbizifyExampleApplication">
        <value xml:lang="en">OfbizifyExample Application</value>
        <value xml:lang="zh">OfbizifyExample应用程序</value>
    </property>
    <property key="OfbizifyExampleCompanyName">
        <value xml:lang="en">OFBiz: OfbizifyExample</value>
    </property>
    <property key="OfbizifyExampleCompanySubtitle">
        <value xml:lang="en">Part of the Open For Business Family of Open Source Software</value>
        <value xml:lang="zh">开源软件OFBiz的组成部分</value>
    </property>
    <property key="OfbizifyExampleViewPermissionError">
        <value xml:lang="en">You are not allowed to view this page.</value>
        <value xml:lang="zh">不允许你浏览这个页面。</value>
    </property>
</resource>