<?xml version="1.0" encoding="UTF-8"?>
<entity-engine-xml>
    <SecurityPermission description="View operations in the OfbizifyExample Component." permissionId="OFBTOOLS_VIEW"/>
    <SecurityPermission description="Create operations in the OfbizifyExample Component." permissionId="OFBTOOLS_CREATE"/>
    <SecurityPermission description="Update operations in the OfbizifyExample Component." permissionId="OFBTOOLS_UPDATE"/>
    <SecurityPermission description="Delete operations in the OfbizifyExample Component." permissionId="OFBTOOLS_DELETE"/>
    <SecurityPermission description="ALL operations in the OfbizifyExample Component." permissionId="OFBTOOLS_ADMIN"/>
    <SecurityGroupPermission groupId="FULLADMIN" permissionId="OFBTOOLS_ADMIN"/>
    <SecurityGroupPermission groupId="FLEXADMIN" permissionId="OFBTOOLS_CREATE"/>
    <SecurityGroupPermission groupId="FLEXADMIN" permissionId="OFBTOOLS_DELETE"/>
    <SecurityGroupPermission groupId="FLEXADMIN" permissionId="OFBTOOLS_UPDATE"/>
    <SecurityGroupPermission groupId="FLEXADMIN" permissionId="OFBTOOLS_VIEW"/>
    <SecurityGroupPermission groupId="VIEWADMIN" permissionId="OFBTOOLS_VIEW"/>
    <SecurityGroupPermission groupId="BIZADMIN" permissionId="OFBTOOLS_ADMIN"/>
</entity-engine-xml>