<?xml version="1.0" encoding="UTF-8"?>
<entity-engine-xml>
    <SecurityPermission description="View operations in the ofbizifyexample Component." permissionId="OFTOOLS_VIEW"/>
    <SecurityPermission description="Create operations in the ofbizifyexample Component." permissionId="OFTOOLS_CREATE"/>
    <SecurityPermission description="Update operations in the ofbizifyexample Component." permissionId="OFTOOLS_UPDATE"/>
    <SecurityPermission description="Delete operations in the ofbizifyexample Component." permissionId="OFTOOLS_DELETE"/>
    <SecurityPermission description="ALL operations in the ofbizifyexample Component." permissionId="OFTOOLS_ADMIN"/>
    <SecurityGroupPermission groupId="FULLADMIN" permissionId="OFTOOLS_ADMIN"/>
    <SecurityGroupPermission groupId="FLEXADMIN" permissionId="OFTOOLS_CREATE"/>
    <SecurityGroupPermission groupId="FLEXADMIN" permissionId="OFTOOLS_DELETE"/>
    <SecurityGroupPermission groupId="FLEXADMIN" permissionId="OFTOOLS_UPDATE"/>
    <SecurityGroupPermission groupId="FLEXADMIN" permissionId="OFTOOLS_VIEW"/>
    <SecurityGroupPermission groupId="VIEWADMIN" permissionId="OFTOOLS_VIEW"/>
    <SecurityGroupPermission groupId="BIZADMIN" permissionId="OFTOOLS_ADMIN"/>
</entity-engine-xml>